build,address,old_name,proposed_name,confidence,evidence
retail,006766A0,FUN_006766A0,ApplicationEntryDispatcher,MEDIUM,"Calls command-line handling, app init, main loop, shutdown in sequence"
retail,005AFB20,FUN_005AFB20,InitializeApplicationManagers,HIGH,"Manager construction, root/config registration, window/device/input/audio/network setup; failure cleanup"
retail,005AFE30,FUN_005AFE30,RunApplicationFrameLoop,HIGH,"Game/Quit broker check; message/timer/input/simulation/audio/render/scene update loop"
retail,005AF920,FUN_005AF920,ShutdownApplicationManagers,HIGH,"Releases audio, device, manager and window resources"
retail,00652F50,FUN_00652F50,InitializeWindowGraphicsInput,HIGH,"640x480 setup and calls window, renderer/device, input and sound initialization"
retail,00558EE0,FUN_00558EE0,CreateD3D8Interface,HIGH,"Calls Direct3DCreate8 with D3D8 SDK version 0x78"
retail,00559340,FUN_00559340,CreateD3D8Device,HIGH,"D3D8 device creation and initialization call neighborhood"
retail,00570E00,FUN_00570E00,InitializeDirectInput8,HIGH,"DirectInput8Create and device setup"
retail,0059A010,FUN_0059A010,InitializeDirectSound8,HIGH,"Sound/Enabled broker gate and DirectSoundCreate8 path"
retail,00653860,FUN_00653860,InitializeNetworkManager,HIGH,"Winsock startup and network-manager construction path"
8.4.1,004CECF0,FUN_004CECF0,RegisterResourceRoots,HIGH,"Current-directory roots include DataAudio/DataGx/DataGame/DataScene"
9.3.1,00513E10,FUN_00513E10,RegisterResourceRoots,HIGH,"Same root-registration role; adds DataVideo by this build"
9.10.0,0052A320,FUN_0052A320,RegisterResourceRoots,HIGH,"Same root-registration role and stable mnemonic signature"
retail,00541640,FUN_00541640,RegisterResourceRoots,HIGH,"Same root-registration role and stable mnemonic signature"
retail,0064D530,FUN_0064D530,OpenResourceCandidate,HIGH,"CreateFileA first; archive fallback, normalized virtual roots and member lookup"
retail,0064CE80,FUN_0064CE80,InitializeArchiveResourceState,MEDIUM,"Archive/index manager construction neighborhood; ownership and teardown pairing partial"
retail,0064DA20,FUN_0064DA20,ReleaseArchiveResourceState,MEDIUM,"Archive/index manager teardown candidate; exact global ownership order unresolved"
retail,0064D070,FUN_0064D070,OpenResourceWrapper,HIGH,"Calls candidate opener and manages returned resource handle"
retail,0064D1C0,FUN_0064D1C0,OpenResourceWrapper,HIGH,"Calls candidate opener and output/handle path"
retail,006512F0,FUN_006512F0,LocateDataSmaCentralDirectory,HIGH,"Backward scan for PK/SM marker and central-directory location"
retail,00652570,FUN_00652570,OpenDataSmaMember,HIGH,"Validates ZIP central record and accepts stored/deflate methods"
retail,0053C3F0,FUN_0053C3F0,LoadGxmWithDxCache,HIGH,"Reading GXM diagnostic, cache validation, model parsing, optional DX cache write"
retail,0053DCC0,FUN_0053DCC0,LoadGxiWithDxTextureCache,HIGH,"Reading GXI diagnostic, cache checks, D3D texture creation and cache write"
retail,0053DF60,FUN_0053DF60,LoadCachedDxTexture,HIGH,"Loaded cached DX texture path and texture resource construction"
retail,00601D00,FUN_00601D00,DumpParameterBrokerEntries,HIGH,"Prints broker size/capacity, scopes, save flags, revision, type and values"
retail,004D8EC0,FUN_004D8EC0,GetOrCreateBrokerCollection,MEDIUM,"Creates/returns global DAT_006F9410 candidate whose vector/list fields align with broker diagnostic collection walk"
retail,004D6520,FUN_004D6520,ReadBrokerBoolEntry,MEDIUM,"0x1c entry stride, type-tag check and bool storage read; default on mismatch"
retail,004D6650,FUN_004D6650,ReadBrokerFloatEntry,MEDIUM,"0x1c entry stride, type-tag check and float storage read; default on mismatch"
retail,004D6760,FUN_004D6760,ReadBrokerIntEntry,MEDIUM,"0x1c entry stride, type-tag check and integer storage read; default on mismatch"
retail,004D7AA0,FUN_004D7AA0,WriteBrokerBoolEntry,MEDIUM,"Resolves/grows 0x1c entry vector and writes typed bool"
retail,004D7ED0,FUN_004D7ED0,WriteBrokerFloatEntry,MEDIUM,"Resolves/grows 0x1c entry vector and writes typed float"
retail,004D8000,FUN_004D8000,WriteBrokerIntEntry,MEDIUM,"Resolves/grows 0x1c entry vector and writes typed integer"
retail,004AF3B0,FUN_004AF3B0,WriteProgressWinStatus,HIGH,"Direct Progress/WinStatus/ xref and typed broker-write call"
retail,004AF430,FUN_004AF430,ReadProgressWinStatus,HIGH,"Direct Progress/WinStatus/ xref and typed broker-read call"
retail,004AFCC0,FUN_004AFCC0,WriteProgressOpenedModes,HIGH,"Direct OpenedModes prefix and broker-write call"
retail,004AFD40,FUN_004AFD40,ReadProgressOpenedModes,HIGH,"Direct OpenedModes prefix and broker-read call"
retail,004AFF80,FUN_004AFF80,WriteProgressBestTime,HIGH,"Direct BestTimes prefix and float broker-write call"
retail,004B0000,FUN_004B0000,ReadProgressBestTime,HIGH,"Direct BestTimes prefix and float broker-read call"
retail,0048E9C0,FUN_0048E9C0,InitializeGhostPlaybackCar,HIGH,"GhostPlayback gate, Ghost_StartPosition access, GhostCar construction and invalid-value reset"
retail,0048A790,FUN_0048A790,CreateRaceFinishArea,HIGH,"Factory allocation tied to gaRaceFinishAreaAI class registration"
retail,0048ADA0,FUN_0048ADA0,CreateRaceLine,HIGH,"Factory allocation tied to gaRaceLineAI class registration"
retail,0048C5F0,FUN_0048C5F0,LoadPaceNoteProperties,HIGH,"Maps named Pace Note Trigger ID, Pace Note ID, Distance values into runtime object"
retail,004A92B0,FUN_004A92B0,CreateWrongWayHudComponent,HIGH,"Direct gaHudAiWrongWay class-name xref and HUD text setup; detector is elsewhere/unknown"
retail,005B2DA0,FUN_005B2DA0,BuildDataWalkDirectory,HIGH,"Recursive enumeration and extension-based MODEL/TEXTURE/IMAGE BANK dispatch"
retail,005B2F80,undefined_code,BuildDataCommandCallback,MEDIUM,"Wrapper code verified in disassembly; callback-like pointer-table reference; owner/UI reachability unresolved"
retail,00452640,FUN_00452640,WriteMasterRallyeSummaryRows,HIGH,"Writes Car0..Car5 summary fields to MasterRallye broker namespace"
retail,00452FE0,FUN_00452FE0,ReadMasterRallyeSummaryRows,HIGH,"Reads Car0..Car5 summary fields when GameSaved is set"
