ID	internal_name	R	G	B	A	RGBA_bits	approx_RGB8	initializer_call_VA
0	Landcruiser	0.083018869	0.418867916	0.252830178	1.0	3daa05cc 3ed675db 3e8172f5 3f800000	21,107,64	0x00458ED8
1	Pajero	0.962264180	0.962264180	0.079245284	1.0	3f7656f2 3f7656f2 3da24b5a 3f800000	245,245,20	0x00458F3F
2	Tata	0.837735832	0.845283031	0.724528313	1.0	3f5675db 3f586478 3f397ab0 3f800000	214,216,185	0x00458FA6
3	Terrano	0.649056613	0.705660403	0.720754743	1.0	3f262893 3f34a629 3f388362 3f800000	166,180,184	0x00459010
4	Chevyblazer	0.645283043	0.207547173	0.098113209	1.0	3f253145 3e54873f 3dc8ef94 3f800000	165,53,25	0x0045907A
5	Xtrail	0.641509414	0.045283020	0.086792454	1.0	3f2439f6 3d397ab0 3db1c03e 3f800000	164,12,22	0x004590E4
6	Frontera	0.762264132	0.784905672	0.796226442	1.0	3f4323be 3f48ef94 3f4bd57f 3f800000	194,200,203	0x0045914E
7	Navara	0.633962274	0.660377383	0.667924523	1.0	3f224b5a 3f290e7e 3f2afd1a 3f800000	162,168,170	0x004591B8
8	Forester	0.894339621	0.928301871	0.935849071	1.0	3f64f371 3f6da531 3f6f93ce 3f800000	228,237,239	0x00459222
9	Jump	0.962264180	0.800000012	0.120754719	1.0	3f7656f2 3f4ccccd 3df74e40 3f800000	245,204,31	0x0045928C
10	Rmonster	0.052830189	0.064150944	0.075471699	1.0	3d586478 3d836192 3d9a90e8 3f800000	13,16,19	0x004592F6
11	Patrol	0.222641513	0.411320746	0.660377383	1.0	3e63fc23 3ed298a2 3f290e7e 3f800000	57,105,168	0x00459360
12	Newrav	0.698113203	0.139622644	0.166037738	1.0	3f32b78c 3e0ef93d 3e2a05cc 3f800000	178,36,42	0x004593CA
13	Kiasportage	0.366037726	0.426415086	0.501886785	1.0	3ebb694c 3eda5314 3f007ba7 3f800000	93,109,128	0x00459434
14	Wildcat	0.452830195	0.626415074	0.800000012	1.0	3ee7d95c 3f205cbd 3f4ccccd 3f800000	115,160,204	0x0045949E
15	Simmbugghini	0.739622653	0.611320734	0.105660379	1.0	3f3d57e9 3f1c7f84 3dd86478 3f800000	189,156,27	0x00459508
16	Astero	0.067924529	0.535849035	0.483018875	1.0	3d8b1c04 3f092d67 3ef74e40 3f800000	17,137,123	0x00459572
17	Kangoo	0.150943398	0.298113197	0.581132054	1.0	3e1a90e8 3e98a24b 3f14c512 3f800000	38,76,148	0x004595DC
18	Megane	0.128301889	0.245283023	0.483018875	1.0	3e036192 3e7b2b79 3ef74e40 3f800000	33,63,123	0x00459646
19	Mattserati	0.901886821	0.939622641	0.943396211	1.0	3f66e20e 3f708b1c 3f71826a 3f800000	230,240,241	0x004596B0
20	Bruno	0.233962268	0.324528307	0.592452824	1.0	3e6f93ce 3ea62893 3f17aafd 3f800000	60,83,151	0x0045971A
21	SeatBuggy	0.147169814	0.301886797	0.618867934	1.0	3e16b3af 3e9a90e8 3f1e6e21 3f800000	38,77,158	0x00459784
22	Kamaz	0.339622647	0.532075465	0.660377383	1.0	3eade305 3f083619 3f290e7e 3f800000	87,136,168	0x004597EE
23	Icecream	0.943396211	0.686792433	0.686792433	1.0	3f71826a 3f2fd1a1 3f2fd1a1 3f800000	241,175,175	0x00459858
24	Ufo	0.826415122	0.860377371	0.867924511	1.0	3f538ff1 3f5c41b1 3f5e304d 3f800000	211,219,221	0x004598C2
25	Trooper (synthetic ID25; Astero donor)	0.067924529	0.535849035	0.483018875	1.0	3d8b1c04 3f092d67 3ef74e40 3f800000	17,137,123	synthetic profile
