canonical_course,frontend_scene_ids,scene_aliases,race_test_resource,race_test_sha256,start_area_identifier,start_area_semantic_sha256,predicted_grid_available,quick_race_finishing_type,runtime_status,issue_tags,affected_slots,human_note,capture_label,screenshot_reference,tested_candidate_sha256,tested_at
France1,0,France1,DataScene/RaceTest/France1.xml,beaa2180912ffd54f313a149962e295f9894239014481d2c7ba2db84fb1e08e1,StartArea / first two Marker Pos values,525176922da5b67a6a697a89112baea50a854b36c81530a10842408d7538ab85,true,0,NOT_TESTED,,,,,,,
France2,1,France2,DataScene/RaceTest/France2.xml,f7acc4cfcdc4f7d33f3ffecf84e9642440838ea269473693ae5217ac43cdfc4c,StartArea / first two Marker Pos values,8a2ef5287fc9bc8784ab135ab93ad222cf63c8d89c58185f7b022a41681d5110,true,0,NOT_TESTED,,,,,,,
France_M,22,FranceM,DataScene/RaceTest/FranceM.xml,016ce125fa72cb1294769e19062f6f7a32c8a250da2b2c463319daa087728a35,StartArea / first two Marker Pos values,cb7ebf83e607b536d8daaab917bfc25d51c20a143023d34d466a2c9fba22de87,true,0,NOT_TESTED,,,,,,,
France_S1,24;36,FranceS1;FranceS1,DataScene/RaceTest/FranceS1.xml,8251fc03fb9e8e98745004b18527be9d7b1df168f36c142ec50ac9b481ac369e,StartArea / first two Marker Pos values,df7255e248ee5b3556bfc59b3e2dd501779e172398f8686f3f99a516f997af38,true,0,NOT_TESTED,,,,,,,
France_S2,11,FranceS2,DataScene/RaceTest/FranceS2.xml,8bc149747d07b4da7dfecaaa7e6f9c1d32328f67bc69a6a3b82aa87633d20dc0,StartArea / first two Marker Pos values,49da490d96c98e0d529c96b1f6faf899f20adf90c4299fd2ca3f553a3d821807,true,0,NOT_TESTED,,,,,,,
France_W,15,FranceW,DataScene/RaceTest/FranceW.xml,8bb17a1c62957fa3bcf72f9b818ce1d750e7982354b11e4f2c97b347e140c200,StartArea / first two Marker Pos values,44cdb8692c74729ec693fca0385d35cb1e4157ce2ea88a8f37fea7282d08c5fb,true,0,NOT_TESTED,,,,,,,
France_W_flip,30,FranceWFlip,DataScene/RaceTest/FranceWFlip.xml,0329f91b035114cfdd7b2723e4f2fad1992ec7d3ab3ffe5dd85c19e568f012a4,StartArea / first two Marker Pos values,610806f84dd3a98dbb02628a7fc6db4cd56f8a67c6875244f2b8807085e42fb2,true,0,NOT_TESTED,,,,,,,
Italy1,2,Italy1,DataScene/RaceTest/Italy1.xml,216c0b7c332058cd82ac0883e5e94482559db0570a2ef711e8d7e665dda02bc4,StartArea / first two Marker Pos values,f35e2ecc414a739f367e3420d032e8fd42c12a7eaba7b85fe32124c1e00b7834,true,0,NOT_TESTED,,,,,,,
Italy2,3,Italy2,DataScene/RaceTest/Italy2.xml,3373926815b05480887968518c0eec3a4d1fa82d09c5d91dd739846af6ddd1d0,StartArea / first two Marker Pos values,4ad05967322453b8033b6af03bd278d183394f00bbba9a2ab9c0b0d57e4187d4,true,0,NOT_TESTED,,,,,,,
Italy3,4,Italy3,DataScene/RaceTest/Italy3.xml,19158249bd8ab37ab12a5ec5fe54c91eac467a369f8a43d9964f3f298695ad52,StartArea / first two Marker Pos values,579b4a53af86d772870d2718c6448252019f8cdd21facc78791c2a6a69c3fcf5,true,0,NOT_TESTED,,,,,,,
Italy_M1,29;38,ItalyM1;ItalyM1,DataScene/RaceTest/ItalyM1.xml,e8407781de37fc546f566247e3f850d6015f55b2e0956d135246594581de4d94,StartArea / first two Marker Pos values,8985388fa7744bc11943d88aaf00f959fcb405ff4230f0b8c42af50cde9a82e0,true,0,NOT_TESTED,,,,,,,
Italy_M1_flip,33,ItalyM1Flip,DataScene/RaceTest/ItalyM1Flip.xml,da0908ea5dce8d1edb45c21349eb8c34121f71471f40bb4550d0b56daf1325ed,StartArea / first two Marker Pos values,f2fd0151cc5c8681afbb52fe170cd52d551f9ffb9071f62baa9186d2d7f12050,true,0,NOT_TESTED,,,,,,,
Italy_M2,19,ItalyM2,DataScene/RaceTest/ItalyM2.xml,bd7cfd5d92e7310d72bafd62883802a7962cc881cefd35b48dad49675f1c2c47,StartArea / first two Marker Pos values,902d2c2478541772d36afcffde667abc8565ada7937dd083b7c5126d41cf2479,true,0,NOT_TESTED,,,,,,,
Italy_S1,18,ItalyS1,DataScene/RaceTest/ItalyS1.xml,009cec2b253e012fbd4c948b79dc6d8837943736e1ba6747b00a215611115e66,StartArea / first two Marker Pos values,1b422cd177b4a81eb62d592fa0896b762b28ccea1f596e24033f87041b644d97,true,0,NOT_TESTED,,,,,,,
Italy_S2,12,ItalyS2,DataScene/RaceTest/ItalyS2.xml,603269076c3d065f9e105bd1eb61c6639b60846f7d3f7be7887bcb5e75773afc,StartArea / first two Marker Pos values,1ac24e25f04ee69bfcb8ae6e58187a73e31381a8c2dcc13242294a52ab3880d8,true,0,NOT_TESTED,,,,,,,
Italy_S3,25,ItalyS3,DataScene/RaceTest/ItalyS3.xml,2a2254c599bb7f37099fc09f0e25975d0cb6037781dddc191df647233eb3e888,StartArea / first two Marker Pos values,b460e3159a361d4a84bf19b5f8de5e7ecf9fb8645f489da29c9fb3d17113c013,true,0,NOT_TESTED,,,,,,,
Italy_S3_flip,35,ItalyS3Flip,DataScene/RaceTest/ItalyS3Flip.xml,5221e4dd0bca21d26d0fe8f59e6a9afe916d7524a4d10abe0d8e0d2aa548000f,StartArea / first two Marker Pos values,9e0ca25d80b323b857db50e5a8d13ebff1abcf5ffa0fcb5a5d7c60844de5afea,true,0,NOT_TESTED,,,,,,,
Italy_S4,10,ItalyS4,DataScene/RaceTest/ItalyS4.xml,ad3519dd7600eeef584b5ec557207aaecfcd556ef0f27549bbfd1b6f77dc4db0,StartArea / first two Marker Pos values,32e48cc023adab5a55c1b4f485b81fe2ea29e9ddf75e3832e595b82a682dfcf1,true,0,NOT_TESTED,,,,,,,
Italy_W1,23,ItalyW1,DataScene/RaceTest/ItalyW1.xml,cd5b35097fb17f81947633a0eafd3603c8365adab80573979625893988696c4f,StartArea / first two Marker Pos values,8d1555c73c3f280735874798e38feb121f6d151599fb7cd437a20bc44bd279e5,true,0,NOT_TESTED,,,,,,,
Italy_W2,14,ItalyW2,DataScene/RaceTest/ItalyW2.xml,0b60d81eba3e23f3fc44ef4ebecf46b4f735f29f8b81f061c404773b8bae6b9f,StartArea / first two Marker Pos values,f425a8a956791d7c45d19e99fef962a1361408613402d708f7aa75c6600c5bfc,true,0,NOT_TESTED,,,,,,,
Spain1,5,Spain1,DataScene/RaceTest/Spain1.xml,ae116c3633c469cef836697ade4dfbeefd9e66b415cf2e187c28e5a1094ce173,StartArea / first two Marker Pos values,c83d91e7ee6d57a4d044afb3d97245c0d057fbc7db73630764090dfa90f24cd3,true,0,NOT_TESTED,,,,,,,
Spain2,6,Spain2,DataScene/RaceTest/Spain2.xml,bbde61e4ca25e6d61051d91656a8c554c5483ea0858c09410e53be07ecc6ff62,StartArea / first two Marker Pos values,8b2ff954f598cc5da93d78e46c8764d86baaaaf9fbac7c71dd7b9e06a39466c1,true,0,NOT_TESTED,,,,,,,
Spain_M,26,SpainM,DataScene/RaceTest/SpainM.xml,2821ec4c16e16cc5946fe14d07d485920e342222afb386de3d2c9b78c14b3a6b,StartArea / first two Marker Pos values,63859cd3d67616012ad342a586d0333c92f13a312e3502a9dda8cb72336827b5,true,0,NOT_TESTED,,,,,,,
Spain_S1,16,SpainS1,DataScene/RaceTest/SpainS1.xml,47396c2f1e593e3d5dbf8d3bbf194a40e39aa9a4bfc7c3bee1eec38dd33547f3,StartArea / first two Marker Pos values,549d075675caadcb43179bf1cb8438b13fb62d1501c9090d40fe849834de436c,true,0,NOT_TESTED,,,,,,,
Spain_S1_flip,32,SpainS1Flip,DataScene/RaceTest/SpainS1Flip.xml,7d7536df6b3959245d42d90d4c5548fbd6e6c8e20bb3a2e3692528247bef8b8d,StartArea / first two Marker Pos values,2a89fecc7afd7fea8af472204bb1226f992a9f84d5fc22bc4435864fc719d7c1,true,0,NOT_TESTED,,,,,,,
Spain_S2,28,SpainS2,DataScene/RaceTest/SpainS2.xml,5dfe27bbab86353b2095a238cbb28bbabf9a2bfd6e6617ca07da757c716cafd6,StartArea / first two Marker Pos values,fea1f16021ee72dd299d37f7bb4ca01282052c31cb5d544829ebf0641a8ba0cb,true,0,NOT_TESTED,,,,,,,
Spain_W,21,SpainW,DataScene/RaceTest/SpainW.xml,701ee0818edbf13c1d120d4bda8ff06292fe61bdee0a29321ade34d4a7b2e1ed,StartArea / first two Marker Pos values,62185ee1341778f405fbd5f1c5235de05e93c6a4f1fef5002c179ceb849f55dc,true,0,NOT_TESTED,,,,,,,
Spain_W_flip,34,SpainWFlip,DataScene/RaceTest/SpainWFlip.xml,edeeb559631dcb07cfe0251abe06dd08e5a52bb2160c4af2e69acc2865125cdd,StartArea / first two Marker Pos values,b07bfa27ba743c37ebcf9ba4ba5209379017c0a10a3ed41e6e56cef550aa5d5d,true,0,NOT_TESTED,,,,,,,
Turkey1,7,Turkey1,DataScene/RaceTest/Turkey1.xml,8cca8bfe54672f8fa070c2ebfa097cfe0e842a57af675c7bae892c203ad30277,StartArea / first two Marker Pos values,1a1930a0ff6e9e313ba6d67f4328b4601d722b1ab4408e025919b13cb6fff22e,true,0,NOT_TESTED,,,,,,,
Turkey2,8,Turkey2,DataScene/RaceTest/Turkey2.xml,da1c7362d7c7793f12cf69f60c9c7e597083f82a6f853fbeb87d98257464ad05,StartArea / first two Marker Pos values,58cfa94ff376933d0d64ecea51c5eb20c5b89bcc81e8be6216f5ae01f21f61b2,true,0,NOT_TESTED,,,,,,,
Turkey3,9;37,Turkey3;Turkey3,DataScene/RaceTest/Turkey3.xml,9f00ef08e428f14f2e7aabb1c564b831d283dc3ea23b2fe68350a6bbd5384822,StartArea / first two Marker Pos values,d3774308866be51d2937280cd44d5b9f5bf05ef3aee0b533c29bd87261ae9017,true,0,NOT_TESTED,,,,,,,
Turkey_m,20,TurkeyM,DataScene/RaceTest/TurkeyM.xml,ddcf92c5dd43992529162fe2aac11b149185e3b310bb2ed3df58d800552dba38,StartArea / first two Marker Pos values,10a33b5fc8a2580ea8b435849607fdb47f5850cc5a30dd274565ef290538da8f,true,0,NOT_TESTED,,,,,,,
Turkey_s1,27,TurkeyS1,DataScene/RaceTest/TurkeyS1.xml,a378feeeccf7f8225b49f873268e03b312d550f4004fcadbc0112de1119c4f6f,StartArea / first two Marker Pos values,d61f514bd35902150edb17bf33c4eb341870d6da25fdd5102be473d998e0f17e,true,0,NOT_TESTED,,,,,,,
Turkey_s2,13,TurkeyS2,DataScene/RaceTest/TurkeyS2.xml,45e5e24b2e15f5b429da67439c458365d10f44a4da4e5798c8f1e06e3a183856,StartArea / first two Marker Pos values,a87e1d7ca75453e30a23899339a2b533e33c6f04ddb66abd657d91be37efaf5d,true,0,NOT_TESTED,,,,,,,
Turkey_s2_flip,31,TurkeyS2Flip,DataScene/RaceTest/TurkeyS2Flip.xml,44201c3da6182727f6f6a5ecbfe97fd000e47c21eac3a84049910c9024ee74f2,StartArea / first two Marker Pos values,0572ee10c025a019e1aa20a06f3841c2241eb9554e0a2e0440cbf2fd3a24e1b0,true,0,NOT_TESTED,,,,,,,
Turkey_w,17,TurkeyW,DataScene/RaceTest/TurkeyW.xml,af2595e48d36c2f18fb41bea4f7d123e0347e8eae3c1e6c1fddf6a9b7287229b,StartArea / first two Marker Pos values,652e9d32b8fd7d263259749b5e6279bcd43fc77a21a566bf439a7c53a8e2fc93,true,0,NOT_TESTED,,,,,,,
